[
{ "city": "AGAWAM", "loc": [ -72.622739, 42.070206 ], "pop": 15338, "state": "MA" },
{ "city": "CUSHMAN", "loc": [ -72.51565, 42.377017 ], "pop": 36963, "state": "MA" },
{ "city": "BARRE", "loc": [ -72.108354, 42.409698 ], "pop": 4546, "state": "MA" },
{ "city": "BELCHERTOWN", "loc": [ -72.410953, 42.275103 ], "pop": 10579, "state": "MA" },
{ "city": "BLANDFORD", "loc": [ -72.936114, 42.182949 ], "pop": 1240, "state": "MA" },
{ "city": "BRIMFIELD", "loc": [ -72.188455, 42.116543 ], "pop": 3706, "state": "MA" },
{ "city": "CHESTER", "loc": [ -72.988761, 42.279421 ], "pop": 1688, "state": "MA" },
{ "city": "CHESTERFIELD", "loc": [ -72.833309, 42.38167 ], "pop": 177, "state": "MA" },
{ "city": "CHICOPEE", "loc": [ -72.607962, 42.162046 ], "pop": 23396, "state": "MA" },
{ "city": "CHICOPEE", "loc": [ -72.576142, 42.176443 ], "pop": 31495, "state": "MA" },
{ "city": "WESTOVER AFB", "loc": [ -72.558657, 42.196672 ], "pop": 1764, "state": "MA" },
{ "city": "CUMMINGTON", "loc": [ -72.905767, 42.435296 ], "pop": 1484, "state": "MA" },
{ "city": "MOUNT TOM", "loc": [ -72.679921, 42.264319 ], "pop": 16864, "state": "MA" },
{ "city": "EAST LONGMEADOW", "loc": [ -72.505565, 42.067203 ], "pop": 13367, "state": "MA" },
{ "city": "FEEDING HILLS", "loc": [ -72.675077, 42.07182 ], "pop": 11985, "state": "MA" },
{ "city": "GILBERTVILLE", "loc": [ -72.198585, 42.332194 ], "pop": 2385, "state": "MA" },
{ "city": "GOSHEN", "loc": [ -72.844092, 42.466234 ], "pop": 122, "state": "MA" },
{ "city": "GRANBY", "loc": [ -72.520001, 42.255704 ], "pop": 5526, "state": "MA" },
{ "city": "TOLLAND", "loc": [ -72.908793, 42.070234 ], "pop": 1652, "state": "MA" },
{ "city": "HADLEY", "loc": [ -72.571499, 42.36062 ], "pop": 4231, "state": "MA" },
{ "city": "HAMPDEN", "loc": [ -72.431823, 42.064756 ], "pop": 4709, "state": "MA" },
{ "city": "HATFIELD", "loc": [ -72.616735, 42.38439 ], "pop": 3184, "state": "MA" },
{ "city": "HAYDENVILLE", "loc": [ -72.703178, 42.381799 ], "pop": 1387, "state": "MA" },
{ "city": "HOLYOKE", "loc": [ -72.626193, 42.202007 ], "pop": 43704, "state": "MA" },
{ "city": "HUNTINGTON", "loc": [ -72.873341, 42.265301 ], "pop": 2084, "state": "MA" },
{ "city": "LEEDS", "loc": [ -72.703403, 42.354292 ], "pop": 1350, "state": "MA" },
{ "city": "LEVERETT", "loc": [ -72.499334, 42.46823 ], "pop": 1748, "state": "MA" },
{ "city": "LUDLOW", "loc": [ -72.471012, 42.172823 ], "pop": 18820, "state": "MA" },
{ "city": "MONSON", "loc": [ -72.319634, 42.101017 ], "pop": 8194, "state": "MA" },
{ "city": "FLORENCE", "loc": [ -72.654245, 42.324662 ], "pop": 27939, "state": "MA" },
{ "city": "OAKHAM", "loc": [ -72.051265, 42.348033 ], "pop": 1503, "state": "MA" },
{ "city": "PALMER", "loc": [ -72.328785, 42.176233 ], "pop": 9778, "state": "MA" },
{ "city": "PLAINFIELD", "loc": [ -72.918289, 42.514393 ], "pop": 571, "state": "MA" },
{ "city": "RUSSELL", "loc": [ -72.840343, 42.147063 ], "pop": 608, "state": "MA" },
{ "city": "SHUTESBURY", "loc": [ -72.421342, 42.481968 ], "pop": 1533, "state": "MA" },
{ "city": "SOUTHAMPTON", "loc": [ -72.719381, 42.224697 ], "pop": 4478, "state": "MA" },
{ "city": "SOUTH HADLEY", "loc": [ -72.581137, 42.237537 ], "pop": 16699, "state": "MA" },
{ "city": "SOUTHWICK", "loc": [ -72.770588, 42.051099 ], "pop": 7667, "state": "MA" },
{ "city": "THREE RIVERS", "loc": [ -72.362352, 42.181894 ], "pop": 2425, "state": "MA" },
{ "city": "WALES", "loc": [ -72.204592, 42.062734 ], "pop": 1732, "state": "MA" },
{ "city": "WARE", "loc": [ -72.258285, 42.261831 ], "pop": 9808, "state": "MA" },
{ "city": "MONTGOMERY", "loc": [ -72.754318, 42.129484 ], "pop": 40117, "state": "MA" },
{ "city": "WEST SPRINGFIELD", "loc": [ -72.641109, 42.115066 ], "pop": 27537, "state": "MA" },
{ "city": "WEST WARREN", "loc": [ -72.203639, 42.20734 ], "pop": 4441, "state": "MA" },
{ "city": "WILBRAHAM", "loc": [ -72.446415, 42.124506 ], "pop": 12635, "state": "MA" },
{ "city": "WILLIAMSBURG", "loc": [ -72.777989, 42.408522 ], "pop": 2295, "state": "MA" },
{ "city": "WORTHINGTON", "loc": [ -72.931427, 42.384293 ], "pop": 877, "state": "MA" },
{ "city": "SPRINGFIELD", "loc": [ -72.588735, 42.1029 ], "pop": 2323, "state": "MA" },
{ "city": "SPRINGFIELD", "loc": [ -72.577769, 42.128848 ], "pop": 22115, "state": "MA" },
{ "city": "SPRINGFIELD", "loc": [ -72.578312, 42.099931 ], "pop": 14970, "state": "MA" },
{ "city": "LONGMEADOW", "loc": [ -72.5676, 42.050658 ], "pop": 15688, "state": "MA" },
{ "city": "SPRINGFIELD", "loc": [ -72.606544, 42.117907 ], "pop": 12739, "state": "MA" },
{ "city": "SPRINGFIELD", "loc": [ -72.558432, 42.085314 ], "pop": 25519, "state": "MA" },
{ "city": "SPRINGFIELD", "loc": [ -72.554349, 42.114455 ], "pop": 32635, "state": "MA" },
{ "city": "SPRINGFIELD", "loc": [ -72.527445, 42.092937 ], "pop": 14618, "state": "MA" },
{ "city": "SPRINGFIELD", "loc": [ -72.51211, 42.12473 ], "pop": 13040, "state": "MA" },
{ "city": "SPRINGFIELD", "loc": [ -72.488903, 42.094397 ], "pop": 3272, "state": "MA" },
{ "city": "SPRINGFIELD", "loc": [ -72.487622, 42.122263 ], "pop": 6831, "state": "MA" },
{ "city": "INDIAN ORCHARD", "loc": [ -72.505048, 42.153225 ], "pop": 8702, "state": "MA" },
{ "city": "PITTSFIELD", "loc": [ -73.247088, 42.453086 ], "pop": 50655, "state": "MA" },
{ "city": "ADAMS", "loc": [ -73.117225, 42.622319 ], "pop": 9901, "state": "MA" },
{ "city": "ASHLEY FALLS", "loc": [ -73.320195, 42.059552 ], "pop": 561, "state": "MA" },
{ "city": "BECKET", "loc": [ -73.120325, 42.359363 ], "pop": 1070, "state": "MA" },
{ "city": "CHESHIRE", "loc": [ -73.157964, 42.561059 ], "pop": 3094, "state": "MA" },
{ "city": "DALTON", "loc": [ -73.160259, 42.475046 ], "pop": 7357, "state": "MA" },
{ "city": "GREAT BARRINGTON", "loc": [ -73.36065, 42.195922 ], "pop": 10603, "state": "MA" },
{ "city": "PERU", "loc": [ -73.092433, 42.434604 ], "pop": 2559, "state": "MA" },
{ "city": "HOUSATONIC", "loc": [ -73.374544, 42.265296 ], "pop": 802, "state": "MA" },
{ "city": "HANCOCK", "loc": [ -73.248737, 42.541961 ], "pop": 2328, "state": "MA" },
{ "city": "LEE", "loc": [ -73.231696, 42.298994 ], "pop": 6916, "state": "MA" },
{ "city": "LENOX", "loc": [ -73.271322, 42.364241 ], "pop": 5001, "state": "MA" },
{ "city": "MIDDLEFIELD", "loc": [ -73.006226, 42.34795 ], "pop": 384, "state": "MA" },
{ "city": "WEST OTIS", "loc": [ -73.213452, 42.187847 ], "pop": 329, "state": "MA" },
{ "city": "CLARKSBURG", "loc": [ -73.10999, 42.69865 ], "pop": 19054, "state": "MA" },
{ "city": "OTIS", "loc": [ -73.082093, 42.18988 ], "pop": 1060, "state": "MA" },
{ "city": "RICHMOND", "loc": [ -73.364457, 42.378398 ], "pop": 1134, "state": "MA" },
{ "city": "SANDISFIELD", "loc": [ -73.116285, 42.109429 ], "pop": 651, "state": "MA" },
{ "city": "SAVOY", "loc": [ -73.023281, 42.576964 ], "pop": 632, "state": "MA" },
{ "city": "SHEFFIELD", "loc": [ -73.361091, 42.100102 ], "pop": 1839, "state": "MA" },
{ "city": "SOUTH EGREMONT", "loc": [ -73.456575, 42.101153 ], "pop": 135, "state": "MA" },
{ "city": "SOUTHFIELD", "loc": [ -73.260933, 42.078014 ], "pop": 622, "state": "MA" },
{ "city": "STOCKBRIDGE", "loc": [ -73.322263, 42.30104 ], "pop": 2200, "state": "MA" },
{ "city": "WEST STOCKBRIDGE", "loc": [ -73.38251, 42.334752 ], "pop": 1173, "state": "MA" },
{ "city": "WILLIAMSTOWN", "loc": [ -73.20364, 42.708883 ], "pop": 8220, "state": "MA" },
{ "city": "WINDSOR", "loc": [ -73.04661, 42.509494 ], "pop": 770, "state": "MA" },
{ "city": "LEYDEN", "loc": [ -72.601847, 42.601222 ], "pop": 18968, "state": "MA" },
{ "city": "ASHFIELD", "loc": [ -72.810998, 42.523207 ], "pop": 1535, "state": "MA" },
{ "city": "NEW SALEM", "loc": [ -72.214644, 42.592065 ], "pop": 14077, "state": "MA" },
{ "city": "LEYDEN", "loc": [ -72.563439, 42.683784 ], "pop": 2426, "state": "MA" },
{ "city": "BUCKLAND", "loc": [ -72.764124, 42.615174 ], "pop": 16, "state": "MA" },
{ "city": "HAWLEY", "loc": [ -72.880162, 42.621802 ], "pop": 1325, "state": "MA" },
{ "city": "COLRAIN", "loc": [ -72.726508, 42.67905 ], "pop": 2050, "state": "MA" },
{ "city": "CONWAY", "loc": [ -72.702473, 42.513832 ], "pop": 1524, "state": "MA" },
{ "city": "DEERFIELD", "loc": [ -72.607234, 42.540636 ], "pop": 1281, "state": "MA" },
{ "city": "ERVING", "loc": [ -72.416638, 42.604957 ], "pop": 635, "state": "MA" },
{ "city": "HEATH", "loc": [ -72.839101, 42.685347 ], "pop": 174, "state": "MA" },
{ "city": "MILLERS FALLS", "loc": [ -72.494626, 42.576206 ], "pop": 1893, "state": "MA" },
{ "city": "MONROE", "loc": [ -72.960156, 42.723885 ], "pop": 97, "state": "MA" },
{ "city": "MONTAGUE", "loc": [ -72.532837, 42.542864 ], "pop": 1699, "state": "MA" },
{ "city": "NEW SALEM", "loc": [ -72.306241, 42.514643 ], "pop": 456, "state": "MA" }
]
